{
  "Manchester, UK": [
    53.4794892,
    -2.2451148
  ],
  "Cardiff, UK": [
    51.4816546,
    -3.1791934
  ],
  "Dublin, Ireland": [
    53.3493795,
    -6.2605593
  ],
  "Remote": [
    43.0059455,
    -123.8925908
  ],
  "Basel, Switzerland": [
    47.5581077,
    7.5878261
  ],
  "Cambridge, UK": [
    52.2055314,
    0.1186637
  ],
  "London, UK": [
    51.4893335,
    -0.1440551
  ],
  "Raleigh, North Carolina, USA": [
    35.7803977,
    -78.6390989
  ],
  "Edinburgh, UK": [
    55.9533456,
    -3.1883749
  ],
  "Canterbury, UK": [
    51.2800275,
    1.0802533
  ],
  "Amsterdam, Netherlands": [
    52.3730796,
    4.8924534
  ],
  "Rimini, Italy": [
    43.9465433,
    12.630749
  ],
  "Brussels, Belgium": [
    50.8465573,
    4.351697
  ],
  "Glasgow, UK": [
    55.861155,
    -4.2501687
  ],
  "Moscow, Russia": [
    55.625578,
    37.6063916
  ],
  "Wimbledon, UK": [
    51.4214787,
    -0.2064027
  ],
  "Mountain View, California, USA": [
    37.3893889,
    -122.0832101
  ],
  "Liverpool, UK": [
    53.4071991,
    -2.99168
  ],
  "Peterborough, UK": [
    52.5725769,
    -0.2427336
  ],
  "Coventry, UK": [
    52.4081812,
    -1.510477
  ],
  "Tallinn, Estonia": [
    59.4372419,
    24.7572802
  ],
  "Bilbao, Spain": [
    43.2630018,
    -2.9350039
  ],
  "Sheffield, UK": [
    53.3806626,
    -1.4702278
  ],
  "San Francisco, CA, USA": [
    37.7792588,
    -122.4193286
  ],
  "Norwich, UK": [
    52.6285576,
    1.2923954
  ],
  "San Sebastian, Spain": [
    43.3224219,
    -1.9838889
  ],
  "Logan, UT, USA": [
    41.7313063,
    -111.834914
  ],
  "Provo, UT, USA": [
    40.2337289,
    -111.6587085
  ],
  "Denver, CO, USA": [
    39.7392364,
    -104.984862
  ],
  "Colombia, MO, USA": [
    32.057242,
    -107.728652
  ],
  "Louisville, KY, USA": [
    38.2542376,
    -85.759407
  ],
  "Somerville, TN, USA": [
    35.2436969,
    -89.3500714
  ],
  "Talladega, AL, USA": [
    33.3967079,
    -86.1597137
  ],
  "Raleigh, NC, USA": [
    35.7803977,
    -78.6390989
  ],
  "New York City, NY, USA": [
    40.7127281,
    -74.0060152
  ],
  "Cheltenham, UK": [
    51.8995685,
    -2.0711559
  ],
  "Blackpool, UK": [
    53.8179442,
    -3.0509812
  ],
  "Crewe, UK": [
    53.0996153,
    -2.4414627
  ],
  "Preston, UK": [
    53.7593363,
    -2.6992717
  ],
  "York, UK": [
    53.9656579,
    -1.0743052
  ],
  "St. Louis, MO, USA": [
    38.6280278,
    -90.1910154
  ],
  "Chattanooga, TN, USA": [
    35.0457219,
    -85.3094883
  ],
  "Charlotte, NC, USA": [
    35.2272086,
    -80.8430827
  ],
  "Washington, DC, USA": [
    38.8950368,
    -77.0365427
  ],
  "Berlin, Germany": [
    52.5173885,
    13.3951309
  ],
  "Lawrenceville, GA, USA": [
    33.9566391,
    -83.9890066
  ]
}